"Antiques&Arts"
"Antiques&Arts","Antique shop"
"Antiques&Arts","Antiques"
"Antiques&Arts","Art"
"Antiques&Arts","Drawing"
"Antiques&Arts","Furniture"
"Antiques&Arts","Painting"
"Antiques&Arts","Porcelain"
"Antiques&Arts","Others"
"Appliances&Accessories"
"Appliances&Accessories","Building supplies"
"Appliances&Accessories","Computers"
"Appliances&Accessories","Computers","Accessories"
"Appliances&Accessories","Computers","Communication&Networking"
"Appliances&Accessories","Computers","Computers - others"
"Appliances&Accessories","Computers","Disks&Drives"
"Appliances&Accessories","Computers","Hardware"
"Appliances&Accessories","Computers","Laptops"
"Appliances&Accessories","Computers","Mainboards"
"Appliances&Accessories","Computers","Memory"
"Appliances&Accessories","Computers","Memory","Mobile"
"Appliances&Accessories","Computers","Memory","RAM"
"Appliances&Accessories","Computers","Memory","Others"
"Appliances&Accessories","Computers","Monitors"
"Appliances&Accessories","Computers","PC Computers"
"Appliances&Accessories","Computers","Printers&Scanners"
"Appliances&Accessories","Computers","Software"
"Appliances&Accessories","Computers","Toners&Ink Cartridges"
"Appliances&Accessories","Computers","Others"
"Appliances&Accessories","Domestic appliances"
"Appliances&Accessories","Electronics"
"Appliances&Accessories","Electronics","Adapters"
"Appliances&Accessories","Electronics","Audio"
"Appliances&Accessories","Electronics","Cables"
"Appliances&Accessories","Electronics","Electronics"
"Appliances&Accessories","Electronics","Video"
"Appliances&Accessories","Electronics","Others"
"Appliances&Accessories","Industrial"
"Appliances&Accessories","Industrial","Advert"
"Appliances&Accessories","Industrial","Agriculture"
"Appliances&Accessories","Industrial","Forestry"
"Appliances&Accessories","Industrial","Gastronomy"
"Appliances&Accessories","Industrial","Industrial Automation"
"Appliances&Accessories","Industrial","Printing"
"Appliances&Accessories","Industrial","Warehousing"
"Appliances&Accessories","Industrial","Others"
"Appliances&Accessories","Office supplies"
"Appliances&Accessories","Specialists"
"Appliances&Accessories","Sport"
"Appliances&Accessories","Sport","Bikes, etc."
"Appliances&Accessories","Sport","Fight sports"
"Appliances&Accessories","Sport","Fitness"
"Appliances&Accessories","Sport","Friendly sports"
"Appliances&Accessories","Sport","Shot sports"
"Appliances&Accessories","Sport","Skating"
"Appliances&Accessories","Sport","Team sports"
"Appliances&Accessories","Sport","Tennis, etc"
"Appliances&Accessories","Sport","Touristics"
"Appliances&Accessories","Sport","Water sports"
"Appliances&Accessories","Sport","Winter sports"
"Appliances&Accessories","Sport","Others"
"Appliances&Accessories","Touristics"
"Appliances&Accessories","Others"
"Business"
"Business","Actions"
"Business","Actions","Others"
"Business","Auctions"
"Business","Company"
"Business","Company","Others"
"Business","Company index"
"Business","Cooperation"
"Business","Cooperation","Abroad"
"Business","Cooperation","Country"
"Business","Franchising"
"Business","Franchising","Others"
"Business","Grants"
"Business","Investments"
"Business","Investments","Others"
"Business","Loans&Mortgages"
"Business","Loans&Mortgages","Offers"
"Business","Loans&Mortgages","Others"
"Business","Messages"
"Business","Offers"
"Business","Sale"
"Business","Others"
"Cell Phones&Accessories"
"Cell Phones&Accessories","CB Stations"
"Cell Phones&Accessories","Cell phones"
"Cell Phones&Accessories","GSM Accessories"
"Cell Phones&Accessories","Phones etc"
"Cell Phones&Accessories","Pre-paid"
"Cell Phones&Accessories","Stationary phones"
"Cell Phones&Accessories","VoIP phones"
"Cell Phones&Accessories","Others"
"Clothing, Shoes&Accessories"
"Clothing, Shoes&Accessories","Clothing"
"Clothing, Shoes&Accessories","Clothing","Men's"
"Clothing, Shoes&Accessories","Clothing","Women's"
"Clothing, Shoes&Accessories","Disguises"
"Clothing, Shoes&Accessories","Gallantry"
"Clothing, Shoes&Accessories","Occasional"
"Clothing, Shoes&Accessories","Shoes"
"Clothing, Shoes&Accessories","Shoes","Men's"
"Clothing, Shoes&Accessories","Shoes","Women's"
"Clothing, Shoes&Accessories","Others"
"Education"
"Education","Abroad"
"Education","Artistic"
"Education","Case studies"
"Education","Courses"
"Education","Private lessons"
"Education","School books"
"Education","Schools"
"Education","Schools","Artistic school"
"Education","Schools","Artistic school","Private"
"Education","Schools","Artistic school","Public"
"Education","Schools","Coleges"
"Education","Schools","Coleges","Private"
"Education","Schools","Coleges","Public"
"Education","Schools","Dance schools"
"Education","Schools","Dance schools","Private"
"Education","Schools","Dance schools","Public"
"Education","Schools","Disabled schools"
"Education","Schools","Disabled schools","Private"
"Education","Schools","Disabled schools","Public"
"Education","Schools","High School"
"Education","Schools","High School","Private"
"Education","Schools","High School","Public"
"Education","Schools","Language school"
"Education","Schools","Language school","Private"
"Education","Schools","Language school","Public"
"Education","Schools","Music school"
"Education","Schools","Music school","Private"
"Education","Schools","Music school","Public"
"Education","Schools","Post-Secondary School"
"Education","Schools","Post-Secondary School","Private"
"Education","Schools","Post-Secondary School","Public"
"Education","Schools","Primary School"
"Education","Schools","Primary School","Private"
"Education","Schools","Primary School","Public"
"Education","Schools","Secondary school"
"Education","Schools","Secondary school","Private"
"Education","Schools","Secondary school","Public"
"Education","Schools","Studies"
"Education","Schools","Studies","Private"
"Education","Schools","Studies","Public"
"Education","Schools","Technical school"
"Education","Schools","Technical school","Private"
"Education","Schools","Technical school","Public"
"Education","Schools","Universities"
"Education","Schools","Universities","Private"
"Education","Schools","Universities","Public"
"Education","Schools","Vocational school"
"Education","Schools","Vocational school","Private"
"Education","Schools","Vocational school","Public"
"Education","Schools","Others"
"Education","Others"
"Friends&Dates"
"Friends&Dates","Adverts"
"Friends&Dates","Boy seeking"
"Friends&Dates","Boy seeking","Boy"
"Friends&Dates","Boy seeking","Familiars"
"Friends&Dates","Boy seeking","Friendship"
"Friends&Dates","Boy seeking","Girl"
"Friends&Dates","Boy seeking","Others"
"Friends&Dates","Girl seeking"
"Friends&Dates","Girl seeking","Boy"
"Friends&Dates","Girl seeking","Familiars"
"Friends&Dates","Girl seeking","Friendship"
"Friends&Dates","Girl seeking","Girl"
"Friends&Dates","Girl seeking","Others"
"Friends&Dates","Men seeking"
"Friends&Dates","Men seeking","Familiars"
"Friends&Dates","Men seeking","Friendship"
"Friends&Dates","Men seeking","Men"
"Friends&Dates","Men seeking","Others"
"Friends&Dates","Men seeking","Women"
"Friends&Dates","Women seeking"
"Friends&Dates","Women seeking","Familiars"
"Friends&Dates","Women seeking","Friendship"
"Friends&Dates","Women seeking","Men"
"Friends&Dates","Women seeking","Others"
"Friends&Dates","Women seeking","Women"
"Friends&Dates","Others"
"Health&Beauty"
"Health&Beauty","Bathing"
"Health&Beauty","beauty"
"Health&Beauty","Cosmetics"
"Health&Beauty","Health"
"Health&Beauty","Hygiene"
"Health&Beauty","Make-up"
"Health&Beauty","Manicure, Pedicure"
"Health&Beauty","Massage"
"Health&Beauty","Medicine"
"Health&Beauty","Perfumes"
"Health&Beauty","Rehabilitation"
"Health&Beauty","Slimming"
"Health&Beauty","Sunbathing"
"Health&Beauty","Others"
"Help"
"Help","Charity actions"
"Help","Looking for help"
"Help","Want to help"
"Help","Others"
"Hobby"
"Hobby","Books&Comics"
"Hobby","Books&Comics","Albums"
"Hobby","Books&Comics","Books"
"Hobby","Books&Comics","Calendars"
"Hobby","Books&Comics","Comics"
"Hobby","Books&Comics","E-Books"
"Hobby","Books&Comics","Encyclopedias and dictionaries"
"Hobby","Books&Comics","Magazines"
"Hobby","Books&Comics","Maps, Atlas etc."
"Hobby","Books&Comics","Self-Help Books"
"Hobby","Books&Comics","Others"
"Hobby","Cameras&Photo"
"Hobby","Cameras&Photo","Accessories"
"Hobby","Cameras&Photo","Cameras"
"Hobby","Cameras&Photo","Cameras","Compact"
"Hobby","Cameras&Photo","Cameras","Digital"
"Hobby","Cameras&Photo","Cameras","Digital SLR"
"Hobby","Cameras&Photo","Cameras","Others"
"Hobby","Cameras&Photo","Film Cameras"
"Hobby","Cameras&Photo","Lenses&Filters"
"Hobby","Cameras&Photo","Others"
"Hobby","Collections"
"Hobby","Collections","Breweriana, Beer"
"Hobby","Collections","Militaria"
"Hobby","Collections","Moddeling"
"Hobby","Collections","Philately"
"Hobby","Collections","Postcards"
"Hobby","Collections","Sports"
"Hobby","Collections","Others"
"Hobby","Games"
"Hobby","Games","Board"
"Hobby","Games","Board","Board"
"Hobby","Games","Board","Board","Others"
"Hobby","Games","Board","Cards"
"Hobby","Games","Board","Cards","Others"
"Hobby","Games","Board","Others"
"Hobby","Games","Video Games"
"Hobby","Games","Video Games","Consols"
"Hobby","Games","Video Games","Consols","Others"
"Hobby","Games","Video Games","On-line"
"Hobby","Games","Video Games","On-line","Others"
"Hobby","Games","Video Games","PC Games"
"Hobby","Games","Video Games","PC Games","Others"
"Hobby","Games","Video Games","Others"
"Hobby","Games","Others"
"Hobby","Movies"
"Hobby","Movies","DVD"
"Hobby","Movies","Movies collections"
"Hobby","Movies","VHS"
"Hobby","Movies","Others"
"Hobby","Music&Instruments"
"Hobby","Music&Instruments","Accessories"
"Hobby","Music&Instruments","Audio cassettes"
"Hobby","Music&Instruments","Compact Discs"
"Hobby","Music&Instruments","Musical Instruments"
"Hobby","Music&Instruments","Musical Tools"
"Hobby","Music&Instruments","Records"
"Hobby","Music&Instruments","Tickets"
"Hobby","Music&Instruments","Others"
"Hobby","Sport"
"Hobby","Sport","Tickets"
"Hobby","Sport","Others"
"Hobby","Others"
"Home, Garden&Family"
"Home, Garden&Family","Animals"
"Home, Garden&Family","Animals","Acquaristics"
"Home, Garden&Family","Animals","Birds"
"Home, Garden&Family","Animals","Cats"
"Home, Garden&Family","Animals","Dogs"
"Home, Garden&Family","Animals","Farm animals"
"Home, Garden&Family","Animals","Horses"
"Home, Garden&Family","Animals","Insects&spiders"
"Home, Garden&Family","Animals","Rodents"
"Home, Garden&Family","Animals","Terraneous"
"Home, Garden&Family","Animals","Others"
"Home, Garden&Family","Building&Hardware"
"Home, Garden&Family","Food"
"Home, Garden&Family","For children"
"Home, Garden&Family","Gardening&Plants"
"Home, Garden&Family","Home Decor"
"Home, Garden&Family","Home Decor","Furnitures"
"Home, Garden&Family","Home Decor","Home Decor"
"Home, Garden&Family","Home Decor","Lightings"
"Home, Garden&Family","Home Decor","Rugs&Carpets"
"Home, Garden&Family","Home Decor","Others"
"Home, Garden&Family","Home Security"
"Home, Garden&Family","Tools"
"Home, Garden&Family","Others"
"Internet"
"Internet","Internet shops"
"Internet","Web sites"
"Internet","Web sites","Commercial"
"Internet","Web sites","Company catalog"
"Internet","Web sites","Private"
"Internet","Web sites","Website folder"
"Internet","Web sites","Others"
"Jewelry&Watches"
"Jewelry&Watches","Decorations"
"Jewelry&Watches","Devotional articels"
"Jewelry&Watches","Devotional articels","Gold"
"Jewelry&Watches","Devotional articels","Silver"
"Jewelry&Watches","Devotional articels","Others"
"Jewelry&Watches","Jewelry"
"Jewelry&Watches","Jewelry","Gold"
"Jewelry&Watches","Jewelry","Other"
"Jewelry&Watches","Jewelry","Silver"
"Jewelry&Watches","Jewelry accessories"
"Jewelry&Watches","Watches"
"Jewelry&Watches","Others"
"Job"
"Job","CV's"
"Job","Job offers"
"Job","Job offers","Abroad"
"Job","Job offers","Job via internet"
"Job","Job offers","Offers"
"Job","Looking for job"
"Job","Looking for job","Abroad"
"Job","Looking for job","In Country"
"Job","Looking for job","Job via internet"
"Messages"
"Messages","Auctions"
"Messages","Biddings"
"Messages","Parties"
"Messages","Parties","Private"
"Messages","Parties","Public"
"Messages","Sales"
"Messages","Trade Fairs"
"Messages","Trainings"
"Messages","Others"
"Motorization"
"Motorization","4-wheel drive"
"Motorization","Antique"
"Motorization","Bikes&scooters"
"Motorization","Boats"
"Motorization","Buses"
"Motorization","Cars"
"Motorization","Cars","Alfa Romeo"
"Motorization","Cars","Audi"
"Motorization","Cars","BMW"
"Motorization","Cars","Cadillac"
"Motorization","Cars","Chevrolet"
"Motorization","Cars","Citroen"
"Motorization","Cars","Cobra"
"Motorization","Cars","Corvette"
"Motorization","Cars","Dacia"
"Motorization","Cars","Daewoo"
"Motorization","Cars","Ferrari"
"Motorization","Cars","Fiat"
"Motorization","Cars","Ford"
"Motorization","Cars","GMC"
"Motorization","Cars","Honda"
"Motorization","Cars","Hummer"
"Motorization","Cars","Hyundai"
"Motorization","Cars","Infiniti"
"Motorization","Cars","Jaguar"
"Motorization","Cars","Jeep"
"Motorization","Cars","Kia"
"Motorization","Cars","Lada"
"Motorization","Cars","Lamborghini"
"Motorization","Cars","Lancia"
"Motorization","Cars","Land Rover"
"Motorization","Cars","Lotus"
"Motorization","Cars","Mazda"
"Motorization","Cars","Mercedes"
"Motorization","Cars","MG"
"Motorization","Cars","MINI"
"Motorization","Cars","Mitsubishi"
"Motorization","Cars","Nissan"
"Motorization","Cars","NSU"
"Motorization","Cars","Opel"
"Motorization","Cars","Peugeot"
"Motorization","Cars","Porsche"
"Motorization","Cars","Proton"
"Motorization","Cars","Renault"
"Motorization","Cars","Rolls Royce"
"Motorization","Cars","Rover"
"Motorization","Cars","Saab"
"Motorization","Cars","Santana"
"Motorization","Cars","Seat"
"Motorization","Cars","Skoda"
"Motorization","Cars","Suzuki"
"Motorization","Cars","Toyota"
"Motorization","Cars","Trabant"
"Motorization","Cars","TVR"
"Motorization","Cars","Volvo"
"Motorization","Cars","VW"
"Motorization","Cars","Wartburg"
"Motorization","Cars","Wiesmann"
"Motorization","Cars","Others"
"Motorization","Damaged"
"Motorization","Parts&Accessories"
"Motorization","Trailers"
"Motorization","Trucks"
"Motorization","Used cars"
"Motorization","Vans"
"Motorization","Others"
"Places"
"Places","Banks"
"Places","Bars"
"Places","CafĂ©s"
"Places","Cafe Internet"
"Places","Cashpoints"
"Places","Cinema"
"Places","Disco clubs"
"Places","Exchange offices"
"Places","Florists"
"Places","Galleries"
"Places","Libraries"
"Places","Offices"
"Places","Offices","City Halls"
"Places","Offices","Courts"
"Places","Offices","Customs"
"Places","Offices","National Labour Board"
"Places","Offices","Patent Office"
"Places","Offices","Post Offices"
"Places","Pharmacies"
"Places","Pharmacies","Allnighter"
"Places","Pharmacies","Rest"
"Places","Pinball, bowling, etc"
"Places","Pizza"
"Places","Pubs"
"Places","Restaurants"
"Places","Shopping centres"
"Places","Shops"
"Places","Shops","Computers"
"Places","Shops","Domestic appliances"
"Places","Shops","For children"
"Places","Shops","Grocers"
"Places","Shops","Metal shop"
"Places","Shops","Music shop"
"Places","Shops","Off licenses&wines shops"
"Places","Shops","Shopbooks"
"Places","Shops","Sports"
"Places","Shops","Stationery"
"Places","Shops","Warehauses"
"Places","Shops","Zoological shops"
"Places","Shops","Others"
"Places","Sports"
"Places","Sports","Athletics"
"Places","Sports","Basketball"
"Places","Sports","Fencing"
"Places","Sports","Football"
"Places","Sports","Swimming pools"
"Places","Sports","Tennis"
"Places","Sports","Volleyball"
"Places","Sports","Others"
"Places","Theatres"
"Places","Others"
"Properties"
"Properties","Flats"
"Properties","Flats","1 bedroom flat"
"Properties","Flats","1 bedroom flat","Have to rent"
"Properties","Flats","1 bedroom flat","Want to rent"
"Properties","Flats","1 bedroom flat","Others"
"Properties","Flats","2 bedroom flat"
"Properties","Flats","2 bedroom flat","Have to rent"
"Properties","Flats","2 bedroom flat","Want to rent"
"Properties","Flats","2 bedroom flat","Others"
"Properties","Flats","3 bedroom flat"
"Properties","Flats","3 bedroom flat","Have to rent"
"Properties","Flats","3 bedroom flat","Want to rent"
"Properties","Flats","3 bedroom flat","Others"
"Properties","Flats","4+ bedroom flat"
"Properties","Flats","4+ bedroom flat","Have to rent"
"Properties","Flats","4+ bedroom flat","Want to rent"
"Properties","Flats","4+ bedroom flat","Others"
"Properties","Flats","Studio Flat"
"Properties","Flats","Studio Flat","Have to rent"
"Properties","Flats","Studio Flat","Want to rent"
"Properties","Flats","Studio Flat","Others"
"Properties","Flats","Others"
"Properties","Garage and Demurrages"
"Properties","Garage and Demurrages","Have to rent"
"Properties","Garage and Demurrages","Others"
"Properties","Garage and Demurrages","Tenancy"
"Properties","Garage and Demurrages","Want to rent"
"Properties","Grounds&Plots"
"Properties","Grounds&Plots","Have to rent"
"Properties","Grounds&Plots","Others"
"Properties","Grounds&Plots","Tenancy"
"Properties","Grounds&Plots","Want to rent"
"Properties","Houses"
"Properties","Houses","Have to rent"
"Properties","Houses","Others"
"Properties","Houses","Want to rent"
"Properties","Offices"
"Properties","Offices","Have to rent"
"Properties","Offices","Others"
"Properties","Offices","Tenancy"
"Properties","Offices","Want to rent"
"Properties","Rooms"
"Properties","Rooms","Have to rent"
"Properties","Rooms","Others"
"Properties","Rooms","Want to rent"
"Properties","Stores&Hangars"
"Properties","Stores&Hangars","Have to rent"
"Properties","Stores&Hangars","Others"
"Properties","Stores&Hangars","Tenancy"
"Properties","Stores&Hangars","Want to rent"
"Properties","Others"
"Services"
"Services","Adaptation"
"Services","Advertising"
"Services","Advertising","Billboards"
"Services","Advertising","Books"
"Services","Advertising","Internet"
"Services","Advertising","Newspapers"
"Services","Advertising","Others"
"Services","Agriculture"
"Services","Auto-Moto"
"Services","Ceremonies"
"Services","Communal"
"Services","Computers"
"Services","Education"
"Services","Ensembles"
"Services","Finance"
"Services","Forestry"
"Services","Gastronomy"
"Services","Industrial automation"
"Services","Internet"
"Services","Internet","Domains"
"Services","Internet","Virtual servers"
"Services","Internet","Web design"
"Services","Internet","Web hosting"
"Services","Matrimonial"
"Services","Office"
"Services","Photography"
"Services","Printing"
"Services","Repair services"
"Services","Shipbuilding"
"Services","Taxi"
"Services","Tourism"
"Services","Trading&Storage"
"Services","Translation"
"Services","Transportation"
"Services","Others"
"Travel"
"Travel","Accommodation","Apartment"
"Travel","Accommodation","Bed & Breakfast"
"Travel","Accommodation","Guest House"
"Travel","Accommodation","Hotel"
"Travel","Accommodation","Hostel"
"Travel","Accommodation","Motel"
"Travel","Accommodation","Inn"
"Travel","Accommodation","Other"
"Travel","Accommodation","Vacation Rental"
"Travel","Entertainment"
"Travel","Flights"
"Travel","Places"
"Travel","Places","Activities"
"Travel","Places","Sights"
"Travel","Places","Restaurants"
"Travel","Places","Shopping"
"Travel","Places","Things to do"
"Travel","Season Offers"
"Travel","Shelter"
"Travel","Tours"
"Travel","Transport"
"Travel","Travel Agents"
"Travel","Travel Partners"
"Travel","Others"

